<?xml version="1.0" encoding="UTF-8"?>
<project-private xmlns="http://www.netbeans.org/ns/project-private/1">
    <editor-bookmarks xmlns="http://www.netbeans.org/ns/editor-bookmarks/2" lastBookmarkId="0"/>
    <open-files xmlns="http://www.netbeans.org/ns/projectui-open-files/2">
        <group>
            <file>file:/C:/Users/usuario-16/Documents/NetBeansProjects/sesion_3/src/ico/fes/poo/Reloj.java</file>
            <file>file:/C:/Users/usuario-16/Documents/NetBeansProjects/sesion_3/src/sesion_3/Sesion_3.java</file>
        </group>
    </open-files>
</project-private>
